date,hour,day_of_week,avg_hr,max_hr,min_hr,hr_std,steps,hr_relative
2026-03-01,0,6,81.55,88,74,2.92,0,11.55
2026-03-01,1,6,80.45,98,70,7.56,8,10.45
2026-03-01,2,6,71.75,83,61,4.15,0,1.75
2026-03-01,3,6,67.63,78,63,2.47,18,-2.37
2026-03-01,4,6,67.23,79,57,5.2,25,-2.77
2026-03-01,5,6,62.98,74,59,3.39,6,-7.02
2026-03-01,6,6,72.22,94,64,6.25,38,2.22
2026-03-01,7,6,67.2,75,61,4.17,18,-2.8
2026-03-01,8,6,73.9,101,61,9.08,269,3.9
2026-03-01,9,6,86.9,105,64,7.54,167,16.9
2026-03-01,10,6,89.24,112,77,6.49,422,19.24
2026-03-01,11,6,90.1,115,69,10.89,291,20.1
2026-03-01,12,6,94.53,110,75,7.98,418,24.53
2026-03-01,13,6,72.33,93,65,6.06,162,2.33
2026-03-01,14,6,86.0,106,70,9.41,223,16.0
2026-03-01,15,6,79.22,93,69,5.93,155,9.22
2026-03-01,16,6,78.47,93,69,5.76,115,8.47
2026-03-01,17,6,82.07,94,70,6.87,49,12.07
2026-03-01,18,6,80.02,98,71,5.1,295,10.02
2026-03-01,19,6,83.9,108,69,8.71,476,13.9
2026-03-01,20,6,79.43,96,69,5.6,99,9.43
2026-03-01,21,6,85.83,108,71,10.33,354,15.83
2026-03-01,22,6,86.25,106,73,7.44,393,16.25
2026-03-01,23,6,100.97,127,83,9.13,1035,30.97
2026-03-02,0,0,84.42,108,75,8.18,382,17.42
2026-03-02,1,0,79.45,91,73,3.75,84,12.45
2026-03-02,2,0,76.34,87,65,5.41,46,9.34
2026-03-02,3,0,63.78,77,56,4.39,0,-3.22
2026-03-02,4,0,59.93,74,55,4.26,0,-7.07
2026-03-02,5,0,68.57,80,62,4.35,0,1.57
2026-03-02,6,0,63.12,69,57,1.66,0,-3.88
2026-03-02,7,0,67.95,81,61,4.69,0,0.95
2026-03-02,8,0,70.58,81,61,5.3,16,3.58
2026-03-02,9,0,79.13,138,66,15.33,506,12.13
2026-03-02,10,0,95.88,133,74,12.68,803,28.88
2026-03-02,11,0,86.25,97,75,5.2,63,19.25
2026-03-02,12,0,78.37,86,68,3.75,30,11.37
2026-03-02,13,0,80.67,96,69,5.32,165,13.67
2026-03-02,14,0,94.12,116,72,11.14,810,27.12
2026-03-02,15,0,108.55,122,90,7.47,1084,41.55
2026-03-02,16,0,105.31,120,89,7.83,484,38.31
2026-03-02,17,0,98.41,121,86,9.01,411,31.41
2026-03-02,18,0,91.95,106,84,5.19,592,24.95
2026-03-02,19,0,84.67,106,75,4.88,113,17.67
2026-03-02,20,0,92.93,111,78,9.65,721,25.93
2026-03-02,21,0,110.95,138,84,11.7,1203,43.95
2026-03-02,22,0,108.48,126,86,8.82,666,41.48
2026-03-02,23,0,93.07,126,51,17.86,766,26.07
2026-03-03,0,1,94.21,114,67,9.19,244,26.21
2026-03-03,1,1,96.07,109,90,3.35,100,28.07
2026-03-03,2,1,83.26,94,71,4.8,0,15.26
2026-03-03,3,1,81.12,98,73,5.61,0,13.12
2026-03-03,4,1,71.27,81,64,3.06,0,3.27
2026-03-03,5,1,66.23,79,58,5.05,18,-1.77
2026-03-03,6,1,66.95,76,57,4.62,0,-1.05
2026-03-03,7,1,71.46,80,67,3.23,0,3.46
2026-03-03,8,1,64.8,76,59,4.56,0,-3.2
2026-03-03,9,1,80.17,109,64,10.14,305,12.17
2026-03-03,10,1,81.42,91,66,5.83,102,13.42
2026-03-03,11,1,82.98,126,70,12.66,796,14.98
2026-03-03,12,1,82.5,101,68,6.51,171,14.5
2026-03-03,13,1,80.88,97,71,6.41,128,12.88
2026-03-03,14,1,86.78,96,78,4.05,39,18.78
2026-03-03,15,1,86.13,112,78,6.56,341,18.13
2026-03-03,16,1,105.43,130,86,9.05,1037,37.43
2026-03-03,17,1,82.62,111,74,8.65,238,14.62
2026-03-03,18,1,80.2,103,71,6.29,424,12.2
2026-03-03,19,1,94.25,120,78,9.24,609,26.25
2026-03-03,20,1,92.38,110,85,5.11,181,24.38
2026-03-03,21,1,86.05,104,73,7.07,286,18.05
2026-03-03,22,1,92.18,110,80,8.04,119,24.18
2026-03-03,23,1,90.05,112,79,7.06,358,22.05
2026-03-04,0,2,81.28,112,68,10.67,319,12.28
2026-03-04,1,2,68.49,71,64,1.86,0,-0.51
2026-03-04,2,2,72.02,87,63,6.88,14,3.02
2026-03-04,3,2,67.35,87,62,5.05,10,-1.65
2026-03-04,4,2,62.33,74,57,2.96,0,-6.67
2026-03-04,5,2,71.53,82,62,4.4,0,2.53
2026-03-04,6,2,64.95,78,59,2.95,0,-4.05
2026-03-04,7,2,70.9,84,61,4.81,0,1.9
2026-03-04,8,2,75.4,124,59,13.95,144,6.4
2026-03-04,9,2,91.15,123,67,14.61,591,22.15
2026-03-04,10,2,,,,,58,
2026-03-04,11,2,,,,,85,
2026-03-04,12,2,,,,,305,
2026-03-04,13,2,,,,,0,
2026-03-04,14,2,,,,,62,
2026-03-04,15,2,77.57,87,71,5.15,71,8.57
2026-03-04,16,2,,,,,33,
2026-03-04,17,2,,,,,63,
2026-03-04,18,2,,,,,0,
2026-03-04,19,2,,,,,4,
2026-03-04,20,2,,,,,55,
2026-03-04,21,2,,,,,0,
2026-03-04,22,2,,,,,5,
2026-03-04,23,2,,,,,18,
2026-03-05,0,3,86.18,104,76,6.4,141,16.18
2026-03-05,1,3,78.63,91,72,3.21,0,8.63
2026-03-05,2,3,80.45,95,68,5.78,69,10.45
2026-03-05,3,3,68.63,77,64,3.31,0,-1.37
2026-03-05,4,3,70.05,84,62,5.35,0,0.05
2026-03-05,5,3,64.52,79,57,4.04,0,-5.48
2026-03-05,6,3,72.28,78,66,3.18,0,2.28
2026-03-05,7,3,68.75,84,63,4.69,4,-1.25
2026-03-05,8,3,77.43,89,65,6.63,103,7.43
2026-03-05,9,3,81.22,93,73,4.84,206,11.22
2026-03-05,10,3,83.55,114,70,9.48,79,13.55
2026-03-05,11,3,88.95,111,73,8.38,251,18.95
2026-03-05,12,3,89.92,105,80,5.34,98,19.92
2026-03-05,13,3,95.55,113,74,10.77,761,25.55
2026-03-05,14,3,99.12,127,84,9.32,972,29.12
2026-03-05,15,3,99.25,120,84,7.2,1546,29.25
2026-03-05,16,3,108.95,126,92,7.64,2231,38.95
2026-03-05,17,3,109.03,131,92,8.65,1016,39.03
2026-03-05,18,3,96.03,118,75,11.97,330,26.03
2026-03-05,19,3,107.3,131,90,8.62,976,37.3
2026-03-05,20,3,106.11,118,84,7.1,391,36.11
2026-03-05,21,3,94.52,113,86,5.05,202,24.52
2026-03-05,22,3,89.45,101,81,3.84,79,19.45
2026-03-05,23,3,89.37,106,79,6.2,251,19.37
2026-03-06,0,4,85.75,96,78,3.47,4,13.75
2026-03-06,1,4,81.85,95,75,5.34,29,9.85
2026-03-06,2,4,73.92,89,68,6.01,0,1.92
2026-03-06,3,4,73.95,86,68,4.14,0,1.95
2026-03-06,4,4,65.72,73,61,2.3,10,-6.28
2026-03-06,5,4,69.73,81,64,4.96,0,-2.27
2026-03-06,6,4,68.2,85,62,4.64,0,-3.8
2026-03-06,7,4,69.57,76,63,3.57,0,-2.43
2026-03-06,8,4,67.87,78,63,3.9,0,-4.13
2026-03-06,9,4,77.32,102,65,8.27,71,5.32
2026-03-06,10,4,,,,,0,
2026-03-06,11,4,93.75,100,84,6.72,30,21.75
2026-03-06,12,4,103.75,123,83,9.77,829,31.75
2026-03-06,13,4,95.53,118,82,8.76,420,23.53
2026-03-06,14,4,93.3,121,79,12.12,838,21.3
2026-03-06,15,4,82.35,98,69,6.96,16,10.35
2026-03-06,16,4,91.93,102,72,5.7,206,19.93
2026-03-06,17,4,96.31,120,85,9.88,286,24.31
2026-03-06,18,4,99.08,120,88,6.21,289,27.08
2026-03-06,19,4,101.52,120,88,6.78,1200,29.52
2026-03-06,20,4,87.89,113,76,8.32,274,15.89
2026-03-06,21,4,99.92,120,84,6.7,548,27.92
2026-03-06,22,4,88.7,96,81,3.45,0,16.7
2026-03-06,23,4,97.82,117,80,11.34,703,25.82
2026-03-07,0,5,84.72,101,79,4.61,11,10.72
2026-03-07,1,5,79.23,85,77,1.26,0,5.23
2026-03-07,2,5,83.15,91,77,3.58,0,9.15
2026-03-07,3,5,78.02,86,72,2.77,0,4.02
2026-03-07,4,5,77.97,88,72,4.79,0,3.97
2026-03-07,5,5,75.65,91,69,5.02,0,1.65
2026-03-07,6,5,70.92,85,62,5.25,14,-3.08
2026-03-07,7,5,73.5,88,67,5.41,88,-0.5
2026-03-07,8,5,78.68,96,68,6.48,103,4.68
2026-03-07,9,5,80.7,101,66,7.45,147,6.7
2026-03-07,10,5,82.2,100,65,8.98,272,8.2
2026-03-07,11,5,90.9,111,79,6.51,384,16.9
2026-03-07,12,5,90.55,128,79,9.69,371,16.55
2026-03-07,13,5,103.7,120,84,9.87,182,29.7
2026-03-07,14,5,96.15,120,87,5.92,128,22.15
2026-03-07,15,5,92.23,102,80,4.42,100,18.23
2026-03-07,16,5,96.75,114,88,5.4,196,22.75
2026-03-07,17,5,98.58,128,83,11.68,751,24.58
2026-03-07,18,5,92.77,115,79,9.17,128,18.77
2026-03-07,19,5,90.93,119,75,9.32,427,16.93
2026-03-07,20,5,99.83,138,84,11.05,862,25.83
2026-03-07,21,5,103.1,121,84,9.66,1170,29.1
2026-03-07,22,5,97.75,123,83,10.25,874,23.75
2026-03-07,23,5,87.75,95,81,3.33,12,13.75
2026-03-08,0,6,86.67,98,77,4.49,28,12.67
2026-03-08,1,6,79.4,93,74,4.68,0,5.4
2026-03-08,2,6,75.27,89,71,3.81,0,1.27
2026-03-08,3,6,71.07,80,68,1.76,0,-2.93
2026-03-08,4,6,74.28,90,65,6.15,58,0.28
2026-03-08,5,6,71.62,80,65,3.64,5,-2.38
2026-03-08,6,6,67.33,77,61,3.65,4,-6.67
2026-03-08,7,6,68.31,81,64,3.69,0,-5.69
2026-03-08,8,6,73.3,86,63,5.76,35,-0.7
2026-03-08,9,6,84.69,102,72,5.55,86,10.69
2026-03-08,10,6,92.72,113,78,8.06,362,18.72
2026-03-08,11,6,95.32,112,77,9.07,518,21.32
2026-03-08,12,6,90.45,130,77,13.37,543,16.45
2026-03-08,13,6,97.53,131,82,12.83,1206,23.53
2026-03-08,14,6,103.63,134,84,11.49,1863,29.63
2026-03-08,15,6,108.13,124,87,7.11,739,34.13
2026-03-08,16,6,107.37,143,91,10.82,697,33.37
2026-03-08,17,6,107.93,129,95,6.91,279,33.93
2026-03-08,18,6,100.6,125,88,8.45,1421,26.6
2026-03-08,19,6,89.78,105,83,4.56,172,15.78
2026-03-08,20,6,81.58,94,72,4.15,23,7.58
2026-03-08,21,6,79.67,95,69,4.28,0,5.67
2026-03-08,22,6,82.78,101,72,6.12,70,8.78
2026-03-08,23,6,80.03,88,70,3.75,35,6.03
2026-03-09,0,0,77.43,86,70,4.87,5,1.43
2026-03-09,1,0,88.42,103,72,8.62,342,12.42
2026-03-09,2,0,96.33,109,87,5.03,63,20.33
2026-03-09,3,0,83.92,86,81,1.1,0,7.92
2026-03-09,4,0,81.67,92,75,3.7,8,5.67
2026-03-09,5,0,82.0,96,76,3.75,0,6.0
2026-03-09,6,0,83.17,93,75,3.47,0,7.17
2026-03-09,7,0,84.23,113,73,9.65,177,8.23
2026-03-09,8,0,104.48,131,93,7.52,1154,28.48
2026-03-09,9,0,101.71,123,88,8.56,862,25.71
2026-03-09,10,0,77.37,108,68,9.62,59,1.37
2026-03-09,11,0,78.18,89,68,3.93,0,2.18
2026-03-09,12,0,79.72,91,76,2.81,0,3.72
2026-03-09,13,0,92.67,139,79,12.56,548,16.67
2026-03-09,14,0,94.85,139,71,10.6,345,18.85
2026-03-09,15,0,90.18,97,85,3.51,13,14.18
2026-03-09,16,0,90.93,107,69,7.94,0,14.93
2026-03-09,17,0,83.37,98,72,4.26,64,7.37
2026-03-09,18,0,77.03,100,71,5.81,0,1.03
2026-03-09,19,0,83.13,114,70,9.28,518,7.13
2026-03-09,20,0,79.95,86,72,4.01,0,3.95
2026-03-09,21,0,101.13,124,71,10.56,1006,25.13
2026-03-09,22,0,95.38,104,87,3.89,96,19.38
2026-03-09,23,0,101.55,127,86,9.87,556,25.55
2026-03-10,0,1,81.2,92,73,4.14,0,6.2
2026-03-10,1,1,82.17,91,74,4.3,30,7.17
2026-03-10,2,1,82.82,105,64,9.11,527,7.82
2026-03-10,3,1,74.85,87,70,3.76,0,-0.15
2026-03-10,4,1,71.42,80,67,3.84,0,-3.58
2026-03-10,5,1,67.32,70,65,1.27,0,-7.68
2026-03-10,6,1,70.82,82,63,3.79,0,-4.18
2026-03-10,7,1,69.07,81,64,3.62,4,-5.93
2026-03-10,8,1,79.39,108,68,10.94,204,4.39
2026-03-10,9,1,101.57,133,87,9.27,946,26.57
2026-03-10,10,1,87.7,113,78,8.62,579,12.7
2026-03-10,11,1,86.58,108,71,10.28,183,11.58
2026-03-10,12,1,99.56,137,81,13.05,1048,24.56
2026-03-10,13,1,88.12,96,80,3.29,11,13.12
2026-03-10,14,1,80.07,103,70,7.4,140,5.07
2026-03-10,15,1,96.5,138,75,15.03,1190,21.5
2026-03-10,16,1,96.12,144,76,18.11,939,21.12
2026-03-10,17,1,90.43,106,84,3.88,35,15.43
2026-03-10,18,1,98.02,136,83,12.07,726,23.02
2026-03-10,19,1,91.97,131,78,13.91,891,16.97
2026-03-10,20,1,85.72,90,81,2.54,16,10.72
2026-03-10,21,1,95.3,119,79,9.38,562,20.3
2026-03-10,22,1,97.28,113,85,7.54,662,22.28
2026-03-10,23,1,90.55,101,82,4.23,83,15.55
2026-03-11,0,2,89.8,113,76,8.38,132,16.8
2026-03-11,1,2,85.55,103,79,4.61,140,12.55
2026-03-11,2,2,81.57,114,70,9.28,108,8.57
2026-03-11,3,2,71.53,90,62,6.64,47,-1.47
2026-03-11,4,2,66.68,82,61,5.55,4,-6.32
2026-03-11,5,2,64.53,74,57,4.01,0,-8.47
2026-03-11,6,2,63.35,73,60,2.55,0,-9.65
2026-03-11,7,2,65.73,79,58,3.84,8,-7.27
2026-03-11,8,2,78.17,109,58,16.12,250,5.17
2026-03-11,9,2,97.45,136,81,14.32,977,24.45
2026-03-11,10,2,83.53,93,77,3.3,13,10.53
2026-03-11,11,2,89.75,126,73,14.36,518,16.75
2026-03-11,12,2,106.67,125,82,11.23,826,33.67
2026-03-11,13,2,97.65,123,83,8.49,439,24.65
2026-03-11,14,2,87.37,104,80,4.8,34,14.37
2026-03-11,15,2,85.42,106,77,6.62,357,12.42
2026-03-11,16,2,87.0,111,72,8.47,493,14.0
2026-03-11,17,2,86.98,100,77,4.46,86,13.98
2026-03-11,18,2,69.9,77,64,3.53,16,-3.1
2026-03-11,19,2,83.47,96,65,7.24,15,10.47
2026-03-11,20,2,89.23,101,79,4.02,23,16.23
2026-03-11,21,2,100.4,130,83,13.7,1895,27.4
2026-03-11,22,2,86.53,134,73,8.31,31,13.53
2026-03-11,23,2,79.38,86,72,3.15,37,6.38
2026-03-12,0,3,78.77,94,72,3.79,76,5.77
2026-03-12,1,3,70.58,86,60,6.09,37,-2.42
2026-03-12,2,3,70.52,83,64,4.88,17,-2.48
2026-03-12,3,3,71.6,79,64,3.3,0,-1.4
2026-03-12,4,3,71.53,80,61,4.48,0,-1.47
2026-03-12,5,3,68.17,80,65,2.48,9,-4.83
2026-03-12,6,3,71.75,80,66,3.05,0,-1.25
2026-03-12,7,3,67.38,89,63,4.0,0,-5.62
2026-03-12,8,3,71.67,105,62,11.87,142,-1.33
2026-03-12,9,3,92.0,118,76,12.33,1091,19.0
2026-03-12,10,3,85.52,120,78,6.71,224,12.52
2026-03-12,11,3,77.17,91,68,4.94,4,4.17
2026-03-12,12,3,76.85,100,68,6.74,122,3.85
2026-03-12,13,3,94.95,152,66,19.07,785,21.95
2026-03-12,14,3,103.55,137,78,13.97,947,30.55
2026-03-12,15,3,95.84,127,80,12.9,667,22.84
2026-03-12,16,3,81.05,85,76,2.33,0,8.05
2026-03-12,17,3,79.48,90,72,3.29,77,6.48
2026-03-12,18,3,90.3,109,59,10.69,1019,17.3
2026-03-12,19,3,81.18,88,71,4.76,0,8.18
2026-03-12,20,3,88.06,103,72,5.25,7,15.06
2026-03-12,21,3,84.93,114,73,9.51,258,11.93
2026-03-12,22,3,90.98,124,75,10.58,459,17.98
2026-03-12,23,3,85.67,88,83,2.05,141,12.67
2026-03-13,0,4,78.73,88,71,3.19,26,6.73
2026-03-13,1,4,75.52,90,66,3.83,129,3.52
2026-03-13,2,4,78.97,88,68,4.41,203,6.97
2026-03-13,3,4,73.75,102,65,8.09,117,1.75
2026-03-13,4,4,65.48,80,58,4.05,0,-6.52
2026-03-13,5,4,65.55,72,57,2.58,0,-6.45
2026-03-13,6,4,64.12,73,60,3.04,0,-7.88
2026-03-13,7,4,64.18,78,59,4.41,19,-7.82
2026-03-13,8,4,65.93,84,58,5.04,13,-6.07
2026-03-13,9,4,80.23,122,58,19.36,530,8.23
2026-03-13,10,4,89.62,116,81,8.5,397,17.62
2026-03-13,11,4,89.68,125,76,11.86,586,17.68
2026-03-13,12,4,93.35,127,77,8.42,437,21.35
2026-03-13,13,4,102.35,150,85,12.75,853,30.35
2026-03-13,14,4,107.58,142,91,9.33,171,35.58
2026-03-13,15,4,121.08,153,89,16.33,292,49.08
2026-03-13,16,4,111.65,141,84,16.66,647,39.65
2026-03-13,17,4,87.07,121,73,10.81,195,15.07
2026-03-13,18,4,88.62,122,75,9.81,555,16.62
2026-03-13,19,4,92.03,99,86,2.7,21,20.03
2026-03-13,20,4,90.6,103,77,4.99,83,18.6
2026-03-13,21,4,101.95,132,82,12.25,1410,29.95
2026-03-13,22,4,95.4,138,82,9.51,649,23.4
2026-03-13,23,4,94.91,110,82,7.44,1146,22.91
2026-03-14,0,5,78.4,84,70,3.02,9,4.4
2026-03-14,1,5,101.91,167,67,21.55,209,27.91
2026-03-14,2,5,99.93,111,80,5.98,0,25.93
2026-03-14,3,5,97.78,121,86,9.67,189,23.78
2026-03-14,4,5,87.53,101,79,4.88,26,13.53
2026-03-14,5,5,84.38,94,79,4.12,10,10.38
2026-03-14,6,5,79.17,85,73,2.44,0,5.17
2026-03-14,7,5,78.4,100,73,4.05,0,4.4
2026-03-14,8,5,84.38,107,74,9.0,33,10.38
2026-03-14,9,5,110.65,140,96,9.45,919,36.65
2026-03-14,10,5,105.83,133,91,10.92,972,31.83
2026-03-14,11,5,82.29,94,71,5.87,177,8.29
2026-03-14,12,5,86.77,93,71,4.24,0,12.77
2026-03-14,13,5,87.68,134,76,11.51,309,13.68
2026-03-14,14,5,123.27,164,106,11.27,933,49.27
2026-03-14,15,5,104.58,126,93,7.6,27,30.58
2026-03-14,16,5,92.67,103,81,4.51,0,18.67
2026-03-14,17,5,100.68,122,90,7.01,260,26.68
2026-03-14,18,5,110.05,132,92,7.22,1045,36.05
2026-03-14,19,5,105.83,117,96,4.54,708,31.83
2026-03-14,20,5,119.13,160,102,10.33,1194,45.13
2026-03-14,21,5,,,,,0,
2026-03-14,22,5,,,,,0,
2026-03-14,23,5,,,,,0,
2026-03-15,0,6,100.17,108,90,3.82,7,25.17
2026-03-15,1,6,94.97,103,86,3.0,94,19.97
2026-03-15,2,6,96.87,105,87,3.99,43,21.87
2026-03-15,3,6,92.73,116,83,5.26,90,17.73
2026-03-15,4,6,92.89,101,88,3.56,34,17.89
2026-03-15,5,6,,,,,0,
2026-03-15,6,6,,,,,0,
2026-03-15,7,6,,,,,0,
2026-03-15,8,6,65.86,73,60,3.25,0,-9.14
2026-03-15,9,6,79.36,81,75,1.77,0,4.36
2026-03-15,10,6,63.16,85,58,7.21,0,-11.84
2026-03-15,11,6,79.41,94,59,7.8,0,4.41
2026-03-15,12,6,76.29,93,60,9.39,0,1.29
2026-03-15,13,6,87.43,94,82,3.25,0,12.43
2026-03-15,14,6,80.0,91,68,5.46,0,5.0
2026-03-15,15,6,79.08,85,64,5.93,0,4.08
2026-03-15,16,6,,,,,0,
2026-03-15,17,6,,,,,0,
2026-03-15,18,6,,,,,0,
2026-03-15,19,6,,,,,0,
2026-03-15,20,6,,,,,0,
2026-03-15,21,6,,,,,0,
2026-03-15,22,6,,,,,0,
2026-03-15,23,6,,,,,0,
2026-03-16,0,0,,,,,0,
2026-03-16,1,0,,,,,0,
2026-03-16,2,0,,,,,0,
2026-03-16,3,0,,,,,0,
2026-03-16,4,0,,,,,0,
2026-03-16,5,0,,,,,0,
2026-03-16,6,0,,,,,0,
2026-03-16,7,0,,,,,0,
2026-03-16,8,0,,,,,0,
2026-03-16,9,0,84.04,88,66,4.21,0,9.04
2026-03-16,10,0,75.5,88,61,10.06,0,0.5
2026-03-16,11,0,91.55,106,75,9.37,805,16.55
2026-03-16,12,0,83.85,95,78,3.31,0,8.85
2026-03-16,13,0,89.87,110,76,9.14,937,14.87
2026-03-16,14,0,94.1,103,81,5.05,39,19.1
2026-03-16,15,0,96.66,114,86,6.58,441,21.66
2026-03-16,16,0,89.83,109,77,8.4,819,14.83
2026-03-16,17,0,100.93,115,73,11.65,369,25.93
2026-03-16,18,0,102.67,120,81,8.12,1688,27.67
2026-03-16,19,0,90.55,96,85,3.29,13,15.55
2026-03-16,20,0,,,,,0,
2026-03-16,21,0,,,,,0,
2026-03-16,22,0,93.0,138,76,17.32,168,18.0
2026-03-16,23,0,76.32,105,69,7.44,103,1.32
2026-03-17,0,1,79.42,89,68,4.93,16,7.42
2026-03-17,1,1,75.28,87,68,4.9,0,3.28
2026-03-17,2,1,73.17,79,70,1.5,0,1.17
2026-03-17,3,1,73.07,85,65,5.29,0,1.07
2026-03-17,4,1,62.15,73,57,3.24,0,-9.85
2026-03-17,5,1,70.83,86,64,4.04,0,-1.17
2026-03-17,6,1,67.75,82,64,3.13,0,-4.25
2026-03-17,7,1,80.4,117,61,13.51,573,8.4
2026-03-17,8,1,101.48,116,93,5.33,802,29.48
2026-03-17,9,1,98.82,118,92,5.7,254,26.82
2026-03-17,10,1,94.98,117,87,6.71,543,22.98
2026-03-17,11,1,83.22,99,73,6.35,234,11.22
2026-03-17,12,1,97.6,119,75,9.99,1395,25.6
2026-03-17,13,1,106.0,122,88,7.41,292,34.0
2026-03-17,14,1,101.47,121,90,6.31,258,29.47
2026-03-17,15,1,108.92,129,94,7.03,502,36.92
2026-03-17,16,1,90.03,112,81,8.29,92,18.03
2026-03-17,17,1,82.47,87,78,1.76,0,10.47
2026-03-17,18,1,84.87,121,76,7.72,62,12.87
2026-03-17,19,1,92.3,121,78,9.76,164,20.3
2026-03-17,20,1,90.82,122,67,11.05,355,18.82
2026-03-17,21,1,95.87,122,80,10.93,1718,23.87
2026-03-17,22,1,95.07,109,84,5.14,66,23.07
2026-03-17,23,1,96.96,118,83,6.56,56,24.96
2026-03-18,0,2,80.15,87,69,3.41,88,6.15
2026-03-18,1,2,81.45,98,69,8.45,14,7.45
2026-03-18,2,2,74.58,81,71,2.08,0,0.58
2026-03-18,3,2,78.88,101,72,5.53,51,4.88
2026-03-18,4,2,70.97,89,64,6.62,0,-3.03
2026-03-18,5,2,69.3,86,64,3.99,21,-4.7
2026-03-18,6,2,69.77,80,63,4.26,0,-4.23
2026-03-18,7,2,70.27,87,59,5.97,0,-3.73
2026-03-18,8,2,83.37,112,63,15.38,686,9.37
2026-03-18,9,2,97.9,117,88,7.32,676,23.9
2026-03-18,10,2,93.97,111,87,3.93,69,19.97
2026-03-18,11,2,98.73,120,87,7.96,1181,24.73
2026-03-18,12,2,90.31,128,78,11.67,370,16.31
2026-03-18,13,2,90.03,129,79,10.97,245,16.03
2026-03-18,14,2,102.78,125,88,8.82,376,28.78
2026-03-18,15,2,104.37,126,77,9.62,1096,30.37
2026-03-18,16,2,101.73,126,92,7.51,781,27.73
2026-03-18,17,2,102.42,132,88,9.62,1123,28.42
2026-03-18,18,2,92.12,112,84,6.41,10,18.12
2026-03-18,19,2,93.57,103,85,4.14,38,19.57
2026-03-18,20,2,94.93,134,83,10.0,226,20.93
2026-03-18,21,2,96.98,132,86,11.04,1088,22.98
2026-03-18,22,2,94.52,117,77,9.02,331,20.52
2026-03-18,23,2,77.96,85,73,2.65,0,3.96
2026-03-19,0,3,81.92,92,72,5.44,0,9.92
2026-03-19,1,3,71.8,85,68,3.1,0,-0.2
2026-03-19,2,3,66.1,82,59,6.7,0,-5.9
2026-03-19,3,3,66.92,84,60,7.56,0,-5.08
2026-03-19,4,3,65.62,84,60,4.7,0,-6.38
2026-03-19,5,3,68.1,79,62,4.87,19,-3.9
2026-03-19,6,3,67.85,78,62,4.99,0,-4.15
2026-03-19,7,3,68.47,102,62,6.96,92,-3.53
2026-03-19,8,3,68.03,85,62,5.91,0,-3.97
2026-03-19,9,3,71.85,90,65,5.73,9,-0.15
2026-03-19,10,3,70.66,85,64,5.51,13,-1.34
2026-03-19,11,3,68.78,75,64,2.72,0,-3.22
2026-03-19,12,3,92.53,122,67,11.55,410,20.53
2026-03-19,13,3,105.02,129,92,7.42,1142,33.02
2026-03-19,14,3,89.95,116,78,10.08,386,17.95
2026-03-19,15,3,75.38,88,71,3.33,8,3.38
2026-03-19,16,3,80.82,101,72,6.41,7,8.82
2026-03-19,17,3,80.48,98,73,4.63,0,8.48
2026-03-19,18,3,83.23,110,69,6.54,9,11.23
2026-03-19,19,3,90.75,105,78,5.27,89,18.75
2026-03-19,20,3,90.84,102,82,4.58,161,18.84
2026-03-19,21,3,,,,,0,
2026-03-19,22,3,79.12,84,76,2.71,85,7.12
2026-03-19,23,3,,,,,0,
2026-03-20,0,4,77.92,98,69,6.93,110,5.92
2026-03-20,1,4,86.77,108,70,11.76,97,14.77
2026-03-20,2,4,75.36,92,67,7.33,23,3.36
2026-03-20,3,4,71.98,83,65,4.12,27,-0.02
2026-03-20,4,4,70.87,75,68,1.64,0,-1.13
2026-03-20,5,4,65.17,71,61,2.68,0,-6.83
2026-03-20,6,4,64.17,72,57,2.54,15,-7.83
2026-03-20,7,4,66.12,83,63,3.42,11,-5.88
2026-03-20,8,4,73.33,120,63,14.6,377,1.33
2026-03-20,9,4,103.37,125,83,10.38,981,31.37
2026-03-20,10,4,91.81,120,74,16.06,218,19.81
2026-03-20,11,4,80.52,112,67,10.54,790,8.52
2026-03-20,12,4,82.83,90,75,3.55,9,10.83
2026-03-20,13,4,87.98,105,78,5.73,770,15.98
2026-03-20,14,4,93.75,110,82,6.29,441,21.75
2026-03-20,15,4,92.98,105,80,5.35,328,20.98
2026-03-20,16,4,84.27,99,71,7.72,0,12.27
2026-03-20,17,4,86.57,112,75,6.61,377,14.57
2026-03-20,18,4,89.92,108,79,5.56,362,17.92
2026-03-20,19,4,97.05,127,83,8.81,1374,25.05
2026-03-20,20,4,93.07,109,77,8.98,201,21.07
2026-03-20,21,4,93.48,112,81,8.35,898,21.48
2026-03-20,22,4,87.27,101,78,6.48,135,15.27
2026-03-20,23,4,93.46,106,81,6.67,179,21.46
2026-03-21,0,5,79.38,106,70,6.49,162,7.38
2026-03-21,1,5,75.35,82,70,2.97,18,3.35
2026-03-21,2,5,77.47,88,68,4.54,167,5.47
2026-03-21,3,5,67.75,79,64,2.55,6,-4.25
2026-03-21,4,5,65.6,73,63,2.18,9,-6.4
2026-03-21,5,5,64.6,70,62,1.29,0,-7.4
2026-03-21,6,5,67.02,77,61,3.08,0,-4.98
2026-03-21,7,5,64.6,76,61,2.15,0,-7.4
2026-03-21,8,5,66.5,76,61,2.96,0,-5.5
2026-03-21,9,5,87.04,114,72,10.99,344,15.04
2026-03-21,10,5,86.45,108,75,6.75,301,14.45
2026-03-21,11,5,81.62,96,70,6.18,64,9.62
2026-03-21,12,5,81.37,106,71,6.38,263,9.37
2026-03-21,13,5,92.27,118,76,10.37,787,20.27
2026-03-21,14,5,88.6,110,65,8.01,61,16.6
2026-03-21,15,5,65.59,86,39,16.09,141,-6.41
2026-03-21,16,5,104.18,136,77,15.27,1239,32.18
2026-03-21,17,5,93.38,107,82,4.36,0,21.38
2026-03-21,18,5,90.68,110,78,9.06,454,18.68
2026-03-21,19,5,87.1,116,75,8.29,489,15.1
2026-03-21,20,5,81.4,91,74,4.71,46,9.4
2026-03-21,21,5,95.25,118,76,10.42,796,23.25
2026-03-21,22,5,93.38,125,82,8.98,466,21.38
2026-03-21,23,5,111.8,124,100,6.49,584,39.8
2026-03-22,0,6,89.15,118,77,9.18,255,17.15
2026-03-22,1,6,86.71,107,79,8.94,14,14.71
2026-03-22,2,6,,,,,0,
2026-03-22,3,6,69.27,89,65,3.39,0,-2.73
2026-03-22,4,6,65.92,71,63,1.78,10,-6.08
2026-03-22,5,6,64.43,80,60,4.61,0,-7.57
2026-03-22,6,6,66.87,80,63,3.24,0,-5.13
2026-03-22,7,6,69.17,90,64,3.43,0,-2.83
2026-03-22,8,6,73.27,86,66,5.45,27,1.27
2026-03-22,9,6,92.88,114,68,10.4,967,20.88
2026-03-22,10,6,93.27,107,78,6.76,48,21.27
2026-03-22,11,6,92.28,111,81,5.91,149,20.28
2026-03-22,12,6,95.03,123,75,12.52,1207,23.03
2026-03-22,13,6,80.71,89,72,5.66,109,8.71
2026-03-22,14,6,72.5,82,67,4.68,0,0.5
2026-03-22,15,6,106.55,132,76,12.47,819,34.55
2026-03-22,16,6,90.95,102,80,5.66,16,18.95
2026-03-22,17,6,83.15,103,72,6.09,180,11.15
2026-03-22,18,6,81.92,92,73,4.67,57,9.92
2026-03-22,19,6,82.69,104,73,6.36,87,10.69
2026-03-22,20,6,99.0,125,80,11.65,860,27.0
2026-03-22,21,6,99.98,121,77,10.79,1345,27.98
2026-03-22,22,6,103.32,117,87,6.73,887,31.32
2026-03-22,23,6,98.56,110,62,11.68,395,26.56
2026-03-23,0,0,69.22,108,61,7.83,22,-0.78
2026-03-23,1,0,62.46,110,53,10.1,0,-7.54
2026-03-23,2,0,58.73,80,52,6.27,11,-11.27
2026-03-23,3,0,68.25,92,57,7.81,43,-1.75
2026-03-23,4,0,77.47,123,54,14.34,104,7.47
2026-03-23,5,0,56.32,73,53,3.86,0,-13.68
2026-03-23,6,0,56.87,67,52,3.08,0,-13.13
2026-03-23,7,0,54.28,68,51,2.56,4,-15.72
2026-03-23,8,0,59.85,95,50,11.67,120,-10.15
2026-03-23,9,0,84.1,121,58,16.89,678,14.1
2026-03-23,10,0,82.6,130,64,19.3,0,12.6
2026-03-23,11,0,70.52,108,56,10.32,22,0.52
2026-03-23,12,0,77.16,124,60,15.12,75,7.16
2026-03-23,13,0,,,,,0,
2026-03-23,14,0,73.73,107,66,8.6,124,3.73
2026-03-23,15,0,78.62,136,67,13.59,11,8.62
2026-03-23,16,0,71.57,104,62,7.64,6,1.57
2026-03-23,17,0,69.37,80,59,4.59,22,-0.63
2026-03-23,18,0,80.55,136,63,13.89,469,10.55
2026-03-23,19,0,75.35,85,64,5.16,71,5.35
2026-03-23,20,0,75.77,85,66,4.49,16,5.77
2026-03-23,21,0,91.88,110,74,8.31,732,21.88
2026-03-23,22,0,87.72,113,67,8.28,176,17.72
2026-03-23,23,0,82.0,89,75,5.72,25,12.0
2026-03-24,0,1,67.58,90,58,7.73,17,-1.42
2026-03-24,1,1,66.83,122,51,15.76,7,-2.17
2026-03-24,2,1,56.22,87,50,6.87,46,-12.78
2026-03-24,3,1,56.12,74,51,4.52,0,-12.88
2026-03-24,4,1,55.74,77,52,4.65,0,-13.26
2026-03-24,5,1,53.52,63,49,2.06,0,-15.48
2026-03-24,6,1,53.7,66,48,3.21,0,-15.3
2026-03-24,7,1,67.18,97,49,12.61,68,-1.82
2026-03-24,8,1,62.17,85,51,7.03,19,-6.83
2026-03-24,9,1,57.07,77,52,4.19,9,-11.93
2026-03-24,10,1,64.85,96,55,9.39,14,-4.15
2026-03-24,11,1,73.0,97,57,10.18,86,4.0
2026-03-24,12,1,92.12,154,67,21.95,790,23.12
2026-03-24,13,1,,,,,0,
2026-03-24,14,1,89.4,125,68,16.11,759,20.4
2026-03-24,15,1,64.5,78,59,3.65,0,-4.5
2026-03-24,16,1,76.3,95,62,5.41,112,7.3
2026-03-24,17,1,74.88,83,69,3.32,56,5.88
2026-03-24,18,1,81.43,119,65,12.88,474,12.43
2026-03-24,19,1,77.47,85,69,4.27,14,8.47
2026-03-24,20,1,76.63,84,68,2.6,7,7.63
2026-03-24,21,1,85.56,111,75,8.17,329,16.56
2026-03-24,22,1,,,,,0,
2026-03-24,23,1,,,,,0,
2026-03-25,0,2,69.5,84,62,4.13,0,2.5
2026-03-25,1,2,71.35,127,60,13.33,14,4.35
2026-03-25,2,2,68.52,94,56,9.02,166,1.52
2026-03-25,3,2,64.25,74,57,3.66,0,-2.75
2026-03-25,4,2,58.78,77,54,4.75,18,-8.22
2026-03-25,5,2,62.47,86,52,8.77,39,-4.53
2026-03-25,6,2,56.1,67,52,2.62,0,-10.9
2026-03-25,7,2,55.61,81,50,6.29,7,-11.39
2026-03-25,8,2,64.9,93,53,9.44,37,-2.1
2026-03-25,9,2,67.98,109,57,8.06,0,0.98
2026-03-25,10,2,63.87,77,55,4.75,4,-3.13
2026-03-25,11,2,66.73,93,58,6.05,0,-0.27
2026-03-25,12,2,86.81,114,65,13.29,734,19.81
2026-03-25,13,2,,,,,0,
2026-03-25,14,2,89.68,118,71,9.8,790,22.68
2026-03-25,15,2,72.57,116,61,12.47,164,5.57
2026-03-25,16,2,59.29,88,54,5.4,0,-7.71
2026-03-25,17,2,62.65,77,57,3.67,0,-4.35
2026-03-25,18,2,93.22,111,68,9.15,1050,26.22
2026-03-25,19,2,101.05,121,71,14.08,2997,34.05
2026-03-25,20,2,81.73,107,68,9.97,140,14.73
2026-03-25,21,2,94.62,122,79,11.57,1519,27.62
2026-03-25,22,2,94.23,106,83,6.55,21,27.23
2026-03-25,23,2,,,,,0,
2026-03-26,0,3,,,,,0,
2026-03-26,1,3,,,,,0,
2026-03-26,2,3,78.77,93,71,6.64,0,9.77
2026-03-26,3,3,72.78,123,64,10.24,58,3.78
2026-03-26,4,3,72.67,77,68,1.74,4,3.67
2026-03-26,5,3,74.23,83,67,3.57,0,5.23
2026-03-26,6,3,66.05,75,63,2.77,0,-2.95
2026-03-26,7,3,66.97,74,60,2.8,0,-2.03
2026-03-26,8,3,69.62,78,54,5.31,0,0.62
2026-03-26,9,3,70.28,83,62,4.57,0,1.28
2026-03-26,10,3,73.12,89,65,5.35,0,4.12
2026-03-26,11,3,85.65,117,69,9.37,164,16.65
2026-03-26,12,3,81.68,114,67,13.3,218,12.68
2026-03-26,13,3,71.42,95,61,7.5,288,2.42
2026-03-26,14,3,87.23,109,68,11.03,584,18.23
2026-03-26,15,3,78.18,89,70,4.69,0,9.18
2026-03-26,16,3,79.63,99,68,7.19,122,10.63
2026-03-26,17,3,87.98,99,81,4.45,90,18.98
2026-03-26,18,3,83.67,94,68,5.45,0,14.67
2026-03-26,19,3,81.95,88,69,3.65,7,12.95
2026-03-26,20,3,82.38,117,73,11.2,630,13.38
2026-03-26,21,3,96.17,111,77,8.13,159,27.17
2026-03-26,22,3,96.03,110,86,4.97,88,27.03
2026-03-26,23,3,85.83,87,84,1.07,0,16.83
2026-03-27,0,4,90.65,106,80,6.91,17,18.65
2026-03-27,1,4,80.23,113,73,6.76,7,8.23
2026-03-27,2,4,76.87,79,74,1.17,0,4.87
2026-03-27,3,4,81.58,96,74,4.67,8,9.58
2026-03-27,4,4,78.82,87,70,3.41,0,6.82
2026-03-27,5,4,80.17,103,69,7.54,84,8.17
2026-03-27,6,4,77.38,88,70,4.38,15,5.38
2026-03-27,7,4,72.5,95,63,4.59,0,0.5
2026-03-27,8,4,71.43,84,63,5.67,4,-0.57
2026-03-27,9,4,69.52,80,61,4.58,0,-2.48
2026-03-27,10,4,76.5,97,63,8.54,100,4.5
2026-03-27,11,4,82.92,108,70,8.62,151,10.92
2026-03-27,12,4,80.9,92,72,4.02,6,8.9
2026-03-27,13,4,75.6,86,66,4.79,19,3.6
2026-03-27,14,4,69.87,89,62,5.65,50,-2.13
2026-03-27,15,4,88.78,108,69,11.46,612,16.78
2026-03-27,16,4,103.24,123,79,10.79,1115,31.24
2026-03-27,17,4,99.92,121,90,7.93,1159,27.92
2026-03-27,18,4,94.25,107,68,6.53,59,22.25
2026-03-27,19,4,92.47,99,87,2.74,26,20.47
2026-03-27,20,4,93.87,102,88,3.0,0,21.87
2026-03-27,21,4,101.15,120,89,8.13,356,29.15
2026-03-27,22,4,96.82,108,83,4.23,0,24.82
2026-03-27,23,4,91.57,97,78,3.02,14,19.57
2026-03-28,0,5,87.8,101,82,4.18,17,15.8
2026-03-28,1,5,80.13,92,72,4.11,0,8.13
2026-03-28,2,5,70.6,88,67,2.86,0,-1.4
2026-03-28,3,5,74.1,87,66,4.98,0,2.1
2026-03-28,4,5,70.43,81,62,4.24,0,-1.57
2026-03-28,5,5,66.6,77,62,2.7,0,-5.4
2026-03-28,6,5,67.47,75,62,3.55,11,-4.53
2026-03-28,7,5,70.13,83,64,4.16,0,-1.87
2026-03-28,8,5,70.65,85,63,4.97,0,-1.35
2026-03-28,9,5,72.29,84,63,4.51,0,0.29
2026-03-28,10,5,77.28,94,65,6.94,22,5.28
2026-03-28,11,5,89.63,119,73,11.15,234,17.63
2026-03-28,12,5,90.43,123,69,14.74,1383,18.43
2026-03-28,13,5,93.82,137,79,11.6,157,21.82
2026-03-28,14,5,92.93,101,87,2.97,0,20.93
2026-03-28,15,5,86.7,98,70,5.44,0,14.7
2026-03-28,16,5,83.58,105,70,6.38,266,11.58
2026-03-28,17,5,86.47,100,74,6.33,31,14.47
2026-03-28,18,5,85.43,95,75,4.25,13,13.43
2026-03-28,19,5,90.23,114,72,10.39,730,18.23
2026-03-28,20,5,90.08,113,78,8.38,606,18.08
2026-03-28,21,5,97.91,122,74,11.34,678,25.91
2026-03-28,22,5,,,,,0,
2026-03-28,23,5,,,,,0,
2026-03-29,0,6,74.52,83,65,5.0,0,3.52
2026-03-29,1,6,73.23,84,62,5.64,10,2.23
2026-03-29,2,6,70.12,95,61,6.96,5,-0.88
2026-03-29,3,6,78.45,94,70,5.13,6,7.45
2026-03-29,4,6,69.83,89,65,4.51,0,-1.17
2026-03-29,5,6,66.42,77,61,4.49,0,-4.58
2026-03-29,6,6,64.72,78,59,4.76,0,-6.28
2026-03-29,7,6,66.03,75,61,3.85,0,-4.97
2026-03-29,8,6,72.93,101,61,9.2,130,1.93
2026-03-29,9,6,84.52,118,65,16.03,788,13.52
2026-03-29,10,6,84.3,94,77,3.18,0,13.3
2026-03-29,11,6,83.4,98,76,4.57,14,12.4
2026-03-29,12,6,73.68,94,66,6.39,0,2.68
2026-03-29,13,6,76.12,117,61,11.72,32,5.12
2026-03-29,14,6,81.07,89,69,4.74,0,10.07
2026-03-29,15,6,79.45,94,68,5.91,161,8.45
2026-03-29,16,6,71.33,85,64,5.61,0,0.33
2026-03-29,17,6,76.33,88,69,4.69,0,5.33
2026-03-29,18,6,79.6,116,66,9.2,213,8.6
2026-03-29,19,6,79.53,97,72,5.53,13,8.53
2026-03-29,20,6,79.92,90,72,4.27,4,8.92
2026-03-29,21,6,104.47,144,78,17.91,1866,33.47
2026-03-29,22,6,92.22,120,74,10.29,251,21.22
2026-03-29,23,6,78.91,85,64,4.2,16,7.91
2026-03-30,0,0,81.12,85,78,1.87,0,10.12
2026-03-30,1,0,71.32,80,64,5.56,6,0.32
2026-03-30,2,0,65.4,68,63,1.25,0,-5.6
2026-03-30,3,0,73.17,84,67,4.45,0,2.17
2026-03-30,4,0,67.98,87,61,6.69,0,-3.02
2026-03-30,5,0,67.73,83,61,4.97,0,-3.27
2026-03-30,6,0,71.12,86,62,5.74,0,0.12
2026-03-30,7,0,77.75,98,70,6.63,51,6.75
2026-03-30,8,0,67.74,86,40,11.91,0,-3.26
2026-03-30,9,0,84.0,109,69,17.8,0,13.0
2026-03-30,10,0,77.6,79,76,1.36,0,6.6
2026-03-30,11,0,,,,,0,
2026-03-30,12,0,,,,,0,
2026-03-30,13,0,,,,,0,
2026-03-30,14,0,82.18,86,76,2.92,0,11.18
2026-03-30,15,0,,,,,0,
2026-03-30,16,0,,,,,0,
2026-03-30,17,0,,,,,0,
2026-03-30,18,0,,,,,0,
2026-03-30,19,0,91.22,96,86,3.61,0,20.22
2026-03-30,20,0,79.83,82,74,2.79,0,8.83
2026-03-30,21,0,104.92,123,85,10.21,1825,33.92
2026-03-30,22,0,85.33,111,75,7.96,95,14.33
2026-03-30,23,0,80.11,103,72,6.52,30,9.11
2026-03-31,0,1,78.02,90,70,4.44,103,8.02
2026-03-31,1,1,77.47,93,70,4.47,67,7.47
2026-03-31,2,1,74.13,89,69,4.14,0,4.13
2026-03-31,3,1,69.04,96,62,7.79,93,-0.96
2026-03-31,4,1,70.2,77,67,1.98,0,0.2
2026-03-31,5,1,67.85,89,57,6.92,51,-2.15
2026-03-31,6,1,60.95,71,57,2.76,0,-9.05
2026-03-31,7,1,65.18,79,58,4.92,0,-4.82
2026-03-31,8,1,76.33,97,64,7.4,270,6.33
2026-03-31,9,1,97.16,120,81,10.67,1280,27.16
2026-03-31,10,1,80.52,89,72,3.78,22,10.52
2026-03-31,11,1,79.98,92,68,6.25,6,9.98
2026-03-31,12,1,79.1,88,68,4.47,41,9.1
2026-03-31,13,1,92.88,112,64,9.35,2037,22.88
2026-03-31,14,1,85.5,105,75,5.91,167,15.5
2026-03-31,15,1,77.0,100,65,8.71,0,7.0
2026-03-31,16,1,86.32,102,79,5.41,70,16.32
2026-03-31,17,1,85.2,95,78,3.41,96,15.2
2026-03-31,18,1,94.32,130,71,13.32,1922,24.32
2026-03-31,19,1,86.5,97,75,5.26,5,16.5
2026-03-31,20,1,89.67,98,81,3.54,0,19.67
2026-03-31,21,1,94.95,117,78,10.82,1362,24.95
2026-03-31,22,1,80.4,91,74,3.57,15,10.4
2026-03-31,23,1,,,,,0,
2026-04-01,0,2,75.4,94,64,7.25,36,7.4
2026-04-01,1,2,74.25,84,65,3.74,35,6.25
2026-04-01,2,2,77.72,127,67,13.36,47,9.72
2026-04-01,3,2,74.9,127,60,12.15,82,6.9
2026-04-01,4,2,63.92,71,59,2.19,0,-4.08
2026-04-01,5,2,63.65,75,56,3.57,0,-4.35
2026-04-01,6,2,59.65,64,56,1.42,0,-8.35
2026-04-01,7,2,60.55,70,56,2.84,8,-7.45
2026-04-01,8,2,67.92,93,52,9.41,65,-0.08
2026-04-01,9,2,66.38,79,56,7.47,20,-1.62
2026-04-01,10,2,61.28,76,55,4.99,20,-6.72
2026-04-01,11,2,64.72,78,57,4.99,7,-3.28
2026-04-01,12,2,82.65,118,59,14.99,769,14.65
2026-04-01,13,2,,,,,0,
2026-04-01,14,2,104.21,127,80,10.24,894,36.21
2026-04-01,15,2,102.72,133,75,11.78,896,34.72
2026-04-01,16,2,104.6,129,85,11.87,1059,36.6
2026-04-01,17,2,94.8,117,86,8.52,922,26.8
2026-04-01,18,2,102.45,129,81,9.01,2462,34.45
2026-04-01,19,2,99.97,125,91,7.07,141,31.97
2026-04-01,20,2,95.15,119,79,8.45,141,27.15
2026-04-01,21,2,89.32,100,78,4.93,56,21.32
2026-04-01,22,2,95.47,117,80,9.21,50,27.47
2026-04-01,23,2,95.15,117,80,10.31,201,27.15
2026-04-02,0,3,87.27,97,82,2.87,0,19.27
2026-04-02,1,3,79.87,88,73,2.76,0,11.87
2026-04-02,2,3,73.0,86,69,5.68,7,5.0
2026-04-02,3,3,70.98,82,64,5.77,0,2.98
2026-04-02,4,3,66.38,76,55,6.53,8,-1.62
2026-04-02,5,3,63.65,76,59,3.42,0,-4.35
2026-04-02,6,3,66.42,101,57,7.55,30,-1.58
2026-04-02,7,3,66.43,77,59,5.38,5,-1.57
2026-04-02,8,3,69.85,83,58,6.41,0,1.85
2026-04-02,9,3,86.38,120,62,16.58,697,18.38
2026-04-02,10,3,88.33,115,80,6.16,47,20.33
2026-04-02,11,3,93.7,108,82,6.35,487,25.7
2026-04-02,12,3,93.08,107,79,7.24,220,25.08
2026-04-02,13,3,93.15,118,79,9.27,344,25.15
2026-04-02,14,3,85.6,102,74,5.59,125,17.6
2026-04-02,15,3,87.85,108,79,6.93,372,19.85
2026-04-02,16,3,93.25,113,82,6.66,513,25.25
2026-04-02,17,3,105.98,127,85,9.98,1554,37.98
2026-04-02,18,3,104.17,128,91,9.35,883,36.17
2026-04-02,19,3,99.15,121,81,11.3,1518,31.15
2026-04-02,20,3,86.1,95,78,4.39,211,18.1
2026-04-02,21,3,73.72,88,63,5.47,21,5.72
2026-04-02,22,3,85.17,107,76,6.71,94,17.17
2026-04-02,23,3,86.22,116,66,14.66,322,18.22
2026-04-03,0,4,73.3,82,67,3.13,13,6.3
2026-04-03,1,4,65.53,73,60,3.07,0,-1.47
2026-04-03,2,4,65.28,79,59,4.48,0,-1.72
2026-04-03,3,4,61.52,64,60,1.13,0,-5.48
2026-04-03,4,4,66.42,82,59,5.59,0,-0.58
2026-04-03,5,4,57.3,68,54,2.52,0,-9.7
2026-04-03,6,4,71.02,81,54,5.35,0,4.02
2026-04-03,7,4,75.03,80,70,2.56,0,8.03
2026-04-03,8,4,71.0,71,71,0.0,0,4.0
2026-04-03,9,4,,,,,0,
2026-04-03,10,4,,,,,0,
2026-04-03,11,4,,,,,0,
2026-04-03,12,4,,,,,0,
2026-04-03,13,4,,,,,0,
2026-04-03,14,4,,,,,0,
2026-04-03,15,4,,,,,0,
2026-04-03,16,4,,,,,0,
2026-04-03,17,4,,,,,0,
2026-04-03,18,4,,,,,0,
2026-04-03,19,4,,,,,0,
2026-04-03,20,4,81.0,87,75,6.0,0,14.0
2026-04-03,21,4,,,,,0,
2026-04-03,22,4,,,,,0,
2026-04-03,23,4,,,,,0,
2026-04-04,0,5,73.55,90,60,8.57,68,4.55
2026-04-04,1,5,74.28,84,66,4.56,0,5.28
2026-04-04,2,5,77.5,86,69,3.63,18,8.5
2026-04-04,3,5,77.77,92,69,5.47,91,8.77
2026-04-04,4,5,75.43,92,69,5.42,0,6.43
2026-04-04,5,5,72.63,83,63,4.44,0,3.63
2026-04-04,6,5,68.35,72,65,1.5,0,-0.65
2026-04-04,7,5,69.7,82,58,4.9,0,0.7
2026-04-04,8,5,70.47,89,62,4.81,4,1.47
2026-04-04,9,5,85.08,122,63,15.64,867,16.08
2026-04-04,10,5,88.33,113,75,7.14,84,19.33
2026-04-04,11,5,83.88,136,62,13.82,833,14.88
2026-04-04,12,5,62.5,72,57,2.78,0,-6.5
2026-04-04,13,5,66.27,80,56,5.92,0,-2.73
2026-04-04,14,5,65.77,73,62,2.58,0,-3.23
2026-04-04,15,5,67.35,81,60,4.34,0,-1.65
2026-04-04,16,5,67.05,81,60,4.26,0,-1.95
2026-04-04,17,5,82.8,113,66,12.4,553,13.8
2026-04-04,18,5,95.57,113,84,6.86,267,26.57
2026-04-04,19,5,88.53,97,80,3.21,0,19.53
2026-04-04,20,5,91.6,100,82,4.44,0,22.6
2026-04-04,21,5,97.27,127,81,12.32,1180,28.27
2026-04-04,22,5,87.79,123,62,11.07,414,18.79
2026-04-04,23,5,72.33,75,71,1.37,0,3.33
2026-04-05,0,6,76.94,85,73,2.66,0,7.94
2026-04-05,1,6,,,,,0,
2026-04-05,2,6,,,,,0,
2026-04-05,3,6,,,,,0,
2026-04-05,4,6,,,,,0,
2026-04-05,5,6,78.53,92,70,4.91,15,9.53
2026-04-05,6,6,70.8,89,64,6.03,0,1.8
2026-04-05,7,6,67.75,80,63,4.23,7,-1.25
2026-04-05,8,6,61.58,65,58,1.88,0,-7.42
2026-04-05,9,6,65.12,76,56,4.9,0,-3.88
2026-04-05,10,6,66.12,77,60,4.02,0,-2.88
2026-04-05,11,6,75.18,99,66,7.89,81,6.18
2026-04-05,12,6,73.22,100,59,7.29,65,4.22
2026-04-05,13,6,66.1,74,57,3.56,0,-2.9
2026-04-05,14,6,75.22,103,59,15.51,334,6.22
2026-04-05,15,6,64.29,76,59,4.14,0,-4.71
2026-04-05,16,6,70.42,105,59,13.15,205,1.42
2026-04-05,17,6,81.65,95,71,6.12,8,12.65
2026-04-05,18,6,79.25,87,70,4.23,0,10.25
2026-04-05,19,6,97.07,124,80,14.71,655,28.07
2026-04-05,20,6,93.5,121,74,11.86,528,24.5
2026-04-05,21,6,98.43,128,69,16.43,2509,29.43
2026-04-05,22,6,93.53,110,79,7.85,339,24.53
2026-04-05,23,6,89.21,101,78,5.06,179,20.21
2026-04-06,0,0,76.43,93,60,7.95,35,7.43
2026-04-06,1,0,65.57,75,61,2.47,38,-3.43
2026-04-06,2,0,67.43,75,64,2.55,4,-1.57
2026-04-06,3,0,72.13,95,61,8.71,0,3.13
2026-04-06,4,0,65.82,116,57,11.2,96,-3.18
2026-04-06,5,0,65.95,83,58,7.48,0,-3.05
2026-04-06,6,0,64.62,72,60,3.0,0,-4.38
2026-04-06,7,0,65.22,84,59,5.12,0,-3.78
2026-04-06,8,0,67.27,79,61,4.36,0,-1.73
2026-04-06,9,0,65.13,80,56,6.05,0,-3.87
2026-04-06,10,0,63.12,87,56,5.72,5,-5.88
2026-04-06,11,0,65.37,81,52,8.28,0,-3.63
2026-04-06,12,0,63.32,74,60,2.66,0,-5.68
2026-04-06,13,0,68.75,83,58,6.32,10,-0.25
2026-04-06,14,0,71.33,102,58,12.6,198,2.33
2026-04-06,15,0,93.69,135,59,16.9,1090,24.69
2026-04-06,16,0,88.12,106,76,6.0,12,19.12
2026-04-06,17,0,93.08,106,82,6.25,293,24.08
2026-04-06,18,0,92.02,101,82,3.57,28,23.02
2026-04-06,19,0,96.58,101,92,2.12,0,27.58
2026-04-06,20,0,102.23,133,86,10.12,2223,33.23
2026-04-06,21,0,106.75,134,86,14.08,2168,37.75
2026-04-06,22,0,94.88,116,73,6.02,269,25.88
2026-04-06,23,0,86.55,106,72,7.07,29,17.55
2026-04-07,0,1,89.77,103,78,6.22,224,19.77
2026-04-07,1,1,74.38,83,68,3.5,0,4.38
2026-04-07,2,1,65.77,86,54,8.97,6,-4.23
2026-04-07,3,1,66.04,88,58,7.36,0,-3.96
2026-04-07,4,1,65.13,82,58,6.37,8,-4.87
2026-04-07,5,1,65.38,74,61,3.88,0,-4.62
2026-04-07,6,1,67.19,77,62,3.38,0,-2.81
2026-04-07,7,1,68.63,81,61,4.78,0,-1.37
2026-04-07,8,1,68.45,75,61,3.46,0,-1.55
2026-04-07,9,1,100.37,134,64,12.83,1118,30.37
2026-04-07,10,1,90.22,144,77,14.21,643,20.22
2026-04-07,11,1,78.95,112,68,8.03,77,8.95
2026-04-07,12,1,72.05,90,64,3.8,7,2.05
2026-04-07,13,1,76.18,85,68,5.08,4,6.18
2026-04-07,14,1,70.8,79,64,2.17,0,0.8
2026-04-07,15,1,71.05,90,60,6.62,0,1.05
2026-04-07,16,1,71.75,100,62,7.55,133,1.75
2026-04-07,17,1,76.32,116,63,13.03,526,6.32
2026-04-07,18,1,82.05,101,71,7.6,58,12.05
2026-04-07,19,1,78.27,89,68,5.21,0,8.27
2026-04-07,20,1,79.18,90,69,5.26,0,9.18
2026-04-07,21,1,78.47,105,68,7.09,186,8.47
2026-04-07,22,1,79.92,87,72,3.8,4,9.92
2026-04-07,23,1,78.02,86,70,3.33,12,8.02
2026-04-08,0,2,74.9,82,65,3.6,0,4.9
2026-04-08,1,2,71.0,80,66,3.84,8,1.0
2026-04-08,2,2,70.97,81,63,4.49,0,0.97
2026-04-08,3,2,64.17,76,60,4.04,0,-5.83
2026-04-08,4,2,70.82,86,62,5.31,0,0.82
2026-04-08,5,2,64.93,80,58,4.96,0,-5.07
2026-04-08,6,2,68.67,80,63,4.24,0,-1.33
2026-04-08,7,2,67.17,81,61,5.2,7,-2.83
2026-04-08,8,2,80.16,112,58,17.48,560,10.16
2026-04-08,9,2,104.47,132,90,9.88,1419,34.47
2026-04-08,10,2,91.55,101,84,3.71,71,21.55
2026-04-08,11,2,90.55,114,77,9.67,709,20.55
2026-04-08,12,2,86.05,125,69,14.52,462,16.05
2026-04-08,13,2,100.67,127,90,8.78,658,30.67
2026-04-08,14,2,93.32,103,83,4.02,144,23.32
2026-04-08,15,2,84.97,116,66,12.35,666,14.97
2026-04-08,16,2,68.58,76,63,3.43,0,-1.42
2026-04-08,17,2,78.15,112,62,14.45,379,8.15
2026-04-08,18,2,78.98,100,66,9.66,274,8.98
2026-04-08,19,2,83.35,116,67,14.39,769,13.35
2026-04-08,20,2,80.5,90,69,3.37,6,10.5
2026-04-08,21,2,84.31,98,75,4.34,104,14.31
2026-04-08,22,2,85.05,96,70,4.89,112,15.05
2026-04-08,23,2,76.07,97,66,7.48,216,6.07
2026-04-09,0,3,79.72,88,71,3.87,50,8.72
2026-04-09,1,3,78.12,95,72,4.13,0,7.12
2026-04-09,2,3,77.48,85,70,3.08,0,6.48
2026-04-09,3,3,73.18,106,67,6.89,80,2.18
2026-04-09,4,3,69.87,86,63,3.31,0,-1.13
2026-04-09,5,3,71.1,81,64,4.29,0,0.1
2026-04-09,6,3,67.78,79,64,2.37,0,-3.22
2026-04-09,7,3,70.88,90,56,7.35,12,-0.12
2026-04-09,8,3,69.22,81,60,4.38,4,-1.78
2026-04-09,9,3,71.03,81,66,4.2,0,0.03
2026-04-09,10,3,67.92,82,64,3.93,0,-3.08
2026-04-09,11,3,64.75,80,59,4.01,0,-6.25
2026-04-09,12,3,66.15,82,57,6.07,0,-4.85
2026-04-09,13,3,65.53,81,54,6.23,6,-5.47
2026-04-09,14,3,72.0,104,61,10.63,191,1.0
2026-04-09,15,3,84.23,109,62,13.25,518,13.23
2026-04-09,16,3,89.47,107,75,8.53,64,18.47
2026-04-09,17,3,84.25,96,77,3.9,0,13.25
2026-04-09,18,3,,,,,0,
2026-04-09,19,3,,,,,0,
2026-04-09,20,3,,,,,0,
2026-04-09,21,3,,,,,0,
2026-04-09,22,3,,,,,0,
2026-04-09,23,3,,,,,0,
2026-04-11,0,5,,,,,0,
2026-04-11,1,5,86.6,88,86,0.8,0,15.6
2026-04-11,2,5,87.65,97,82,2.51,0,16.65
2026-04-11,3,5,85.55,90,80,2.65,0,14.55
2026-04-11,4,5,81.4,124,72,8.77,88,10.4
2026-04-11,5,5,72.25,85,67,4.4,0,1.25
2026-04-11,6,5,76.6,89,69,5.24,0,5.6
2026-04-11,7,5,66.35,79,58,3.05,6,-4.65
2026-04-11,8,5,71.52,84,62,4.5,4,0.52
2026-04-11,9,5,68.9,79,64,3.36,8,-2.1
2026-04-11,10,5,70.3,85,61,4.99,0,-0.7
2026-04-11,11,5,62.75,83,59,4.69,0,-8.25
2026-04-11,12,5,69.07,90,57,7.63,17,-1.93
2026-04-11,13,5,94.1,130,74,11.28,1265,23.1
2026-04-11,14,5,77.82,100,70,6.98,44,6.82
2026-04-11,15,5,75.19,85,68,3.56,26,4.19
2026-04-11,16,5,76.05,108,66,11.06,65,5.05
2026-04-11,17,5,74.25,81,67,2.57,0,3.25
2026-04-11,18,5,75.58,93,60,7.64,130,4.58
2026-04-11,19,5,66.24,83,59,3.62,0,-4.76
2026-04-11,20,5,88.48,126,67,14.21,821,17.48
2026-04-11,21,5,94.02,126,79,13.92,1801,23.02
2026-04-11,22,5,99.82,109,87,5.23,195,28.82
2026-04-11,23,5,,,,,0,
2026-04-12,0,6,77.58,108,67,7.1,266,8.58
2026-04-12,1,6,70.33,78,63,3.27,14,1.33
2026-04-12,2,6,73.69,95,62,7.24,98,4.69
2026-04-12,3,6,63.35,74,60,2.27,0,-5.65
2026-04-12,4,6,63.65,72,56,2.86,0,-5.35
2026-04-12,5,6,62.03,69,56,2.25,0,-6.97
2026-04-12,6,6,61.45,76,58,3.28,0,-7.55
2026-04-12,7,6,60.78,72,55,3.7,0,-8.22
2026-04-12,8,6,59.43,71,55,2.53,0,-9.57
2026-04-12,9,6,62.38,73,55,5.12,0,-6.62
2026-04-12,10,6,59.27,78,54,4.45,0,-9.73
2026-04-12,11,6,72.15,102,53,14.32,196,3.15
2026-04-12,12,6,78.59,107,65,12.39,229,9.59
2026-04-12,13,6,106.43,142,78,10.93,1734,37.43
2026-04-12,14,6,88.97,125,71,17.56,441,19.97
2026-04-12,15,6,76.33,87,67,4.5,4,7.33
2026-04-12,16,6,84.87,112,65,15.23,531,15.87
2026-04-12,17,6,109.86,140,83,14.81,1330,40.86
2026-04-12,18,6,94.77,140,72,17.22,695,25.77
2026-04-12,19,6,90.63,129,68,11.83,437,21.63
2026-04-12,20,6,75.35,87,67,4.19,41,6.35
2026-04-12,21,6,94.03,127,72,13.22,1225,25.03
2026-04-12,22,6,86.93,101,69,8.05,266,17.93
2026-04-12,23,6,83.95,99,77,6.09,37,14.95
2026-04-13,0,0,80.57,106,70,7.29,41,11.57
2026-04-13,1,0,74.73,89,64,6.31,23,5.73
2026-04-13,2,0,66.79,83,62,3.78,0,-2.21
2026-04-13,3,0,68.25,96,61,7.22,6,-0.75
2026-04-13,4,0,68.07,72,63,2.28,0,-0.93
2026-04-13,5,0,65.87,74,61,2.02,0,-3.13
2026-04-13,6,0,64.25,73,59,3.39,0,-4.75
2026-04-13,7,0,63.84,73,59,2.61,0,-5.16
2026-04-13,8,0,74.45,114,59,17.03,296,5.45
2026-04-13,9,0,88.78,116,66,11.98,378,19.78
2026-04-13,10,0,75.05,89,65,4.59,6,6.05
2026-04-13,11,0,72.52,86,63,5.06,62,3.52
2026-04-13,12,0,71.55,95,60,8.85,106,2.55
2026-04-13,13,0,62.53,113,56,11.11,260,-6.47
2026-04-13,14,0,86.87,126,66,16.56,1163,17.87
2026-04-13,15,0,79.88,88,72,4.58,43,10.88
2026-04-13,16,0,78.97,92,72,3.79,37,9.97
2026-04-13,17,0,75.65,103,66,7.18,147,6.65
2026-04-13,18,0,92.3,137,69,16.13,1485,23.3
2026-04-13,19,0,80.0,104,69,8.1,283,11.0
2026-04-13,20,0,81.32,100,67,8.78,436,12.32
2026-04-13,21,0,94.12,124,75,12.6,1346,25.12
2026-04-13,22,0,87.12,106,71,8.64,481,18.12
2026-04-13,23,0,74.48,83,69,3.2,19,5.48
2026-04-14,0,1,73.2,89,63,6.93,75,4.2
2026-04-14,1,1,68.95,81,62,4.62,42,-0.05
2026-04-14,2,1,69.82,93,59,7.98,54,0.82
2026-04-14,3,1,68.33,87,65,3.97,39,-0.67
2026-04-14,4,1,65.27,78,59,2.86,4,-3.73
2026-04-14,5,1,63.77,72,59,2.62,6,-5.23
2026-04-14,6,1,63.12,73,58,2.54,0,-5.88
2026-04-14,7,1,62.17,73,58,2.99,0,-6.83
2026-04-14,8,1,61.13,80,56,4.19,0,-7.87
2026-04-14,9,1,81.63,122,58,17.88,707,12.63
2026-04-14,10,1,77.37,87,68,4.4,26,8.37
2026-04-14,11,1,76.3,88,62,4.59,36,7.3
2026-04-14,12,1,94.09,101,83,4.38,441,25.09
2026-04-14,13,1,88.85,110,66,10.31,564,19.85
2026-04-14,14,1,75.62,133,65,11.04,350,6.62
2026-04-14,15,1,78.93,121,69,9.37,142,9.93
2026-04-14,16,1,89.15,113,74,11.68,185,20.15
2026-04-14,17,1,80.63,98,70,4.8,144,11.63
2026-04-14,18,1,96.43,129,74,10.15,1713,27.43
2026-04-14,19,1,78.2,86,68,4.88,34,9.2
2026-04-14,20,1,83.33,104,72,8.32,105,14.33
2026-04-14,21,1,98.43,127,76,10.95,1261,29.43
2026-04-14,22,1,86.55,114,70,10.68,127,17.55
2026-04-14,23,1,79.33,82,77,2.05,18,10.33
2026-04-15,0,2,,,,,0,
2026-04-15,1,2,,,,,0,
2026-04-15,2,2,72.22,83,67,3.58,0,1.22
2026-04-15,3,2,68.03,87,63,4.43,0,-2.97
2026-04-15,4,2,72.83,95,66,5.39,0,1.83
2026-04-15,5,2,73.7,79,70,1.7,0,2.7
2026-04-15,6,2,77.68,85,71,3.29,0,6.68
2026-04-15,7,2,74.18,88,64,5.26,0,3.18
2026-04-15,8,2,86.52,124,61,19.37,698,15.52
2026-04-15,9,2,101.98,135,90,9.55,1151,30.98
2026-04-15,10,2,95.45,109,89,4.31,29,24.45
2026-04-15,11,2,90.35,118,81,8.15,658,19.35
2026-04-15,12,2,91.02,122,78,10.36,387,20.02
2026-04-15,13,2,88.47,127,81,7.83,99,17.47
2026-04-15,14,2,97.78,126,89,8.16,476,26.78
2026-04-15,15,2,92.63,119,79,9.53,910,21.63
2026-04-15,16,2,81.85,103,68,5.69,83,10.85
2026-04-15,17,2,76.82,84,66,3.43,0,5.82
2026-04-15,18,2,84.9,117,72,12.86,909,13.9
2026-04-15,19,2,81.28,93,76,3.03,6,10.28
2026-04-15,20,2,71.97,87,62,5.67,49,0.97
2026-04-15,21,2,103.78,126,87,10.18,1914,32.78
2026-04-15,22,2,93.92,104,87,2.87,0,22.92
2026-04-15,23,2,87.63,102,83,4.27,90,16.63
2026-04-16,0,3,80.05,88,69,4.36,0,7.05
2026-04-16,1,3,76.75,100,72,6.59,99,3.75
2026-04-16,2,3,84.72,100,65,8.43,6,11.72
2026-04-16,3,3,79.7,93,67,5.89,11,6.7
2026-04-16,4,3,75.7,91,70,4.14,0,2.7
2026-04-16,5,3,72.27,82,66,2.83,0,-0.73
2026-04-16,6,3,77.18,86,70,3.99,0,4.18
2026-04-16,7,3,71.28,93,62,5.63,0,-1.72
2026-04-16,8,3,79.05,122,64,12.3,307,6.05
2026-04-16,9,3,94.15,129,78,13.54,991,21.15
2026-04-16,10,3,90.15,129,70,17.49,1017,17.15
2026-04-16,11,3,103.42,125,84,8.26,1242,30.42
2026-04-16,12,3,89.05,101,81,3.98,72,16.05
2026-04-16,13,3,87.45,126,78,11.18,605,14.45
2026-04-16,14,3,95.85,126,76,12.72,979,22.85
2026-04-16,15,3,88.87,153,68,20.07,890,15.87
2026-04-16,16,3,66.6,79,57,4.48,48,-6.4
2026-04-16,17,3,88.93,104,70,8.85,377,15.93
2026-04-16,18,3,105.1,149,80,15.26,1715,32.1
2026-04-16,19,3,96.28,124,81,11.1,766,23.28
2026-04-16,20,3,85.32,114,76,8.08,326,12.32
2026-04-16,21,3,94.92,129,75,15.46,1408,21.92
2026-04-16,22,3,84.65,117,71,9.82,332,11.65
2026-04-16,23,3,75.28,97,64,5.81,45,2.28
2026-04-17,0,4,79.47,138,66,14.74,0,7.47
2026-04-17,1,4,76.44,90,63,7.72,89,4.44
2026-04-17,2,4,64.32,85,58,4.52,0,-7.68
2026-04-17,3,4,61.18,74,57,3.08,0,-10.82
2026-04-17,4,4,61.58,68,58,1.91,0,-10.42
2026-04-17,5,4,62.67,75,57,3.24,0,-9.33
2026-04-17,6,4,59.52,80,54,4.28,0,-12.48
2026-04-17,7,4,65.8,95,54,12.73,98,-6.2
2026-04-17,8,4,92.22,144,68,17.34,1376,20.22
2026-04-17,9,4,78.05,89,71,3.74,0,6.05
2026-04-17,10,4,64.03,79,57,5.18,0,-7.97
2026-04-17,11,4,63.53,78,55,5.06,0,-8.47
2026-04-17,12,4,80.55,116,61,12.1,550,8.55
2026-04-17,13,4,85.43,122,73,10.87,494,13.43
2026-04-17,14,4,98.25,123,81,10.93,859,26.25
2026-04-17,15,4,85.87,122,74,11.62,723,13.87
2026-04-17,16,4,92.56,109,81,6.26,279,20.56
2026-04-17,17,4,77.9,105,63,10.78,217,5.9
2026-04-17,18,4,79.65,98,66,7.31,187,7.65
2026-04-17,19,4,80.57,106,68,9.27,183,8.57
2026-04-17,20,4,78.4,94,67,4.63,37,6.4
2026-04-17,21,4,96.82,132,78,12.46,1131,24.82
2026-04-17,22,4,90.37,122,74,13.32,246,18.37
2026-04-17,23,4,83.13,136,70,12.87,246,11.13
2026-04-18,0,5,78.35,90,71,4.17,122,7.35
2026-04-18,1,5,85.73,135,63,22.53,23,14.73
2026-04-18,2,5,74.58,134,61,17.62,31,3.58
2026-04-18,3,5,61.93,84,58,4.18,0,-9.07
2026-04-18,4,5,,,,,0,
2026-04-18,5,5,,,,,0,
2026-04-18,6,5,,,,,0,
2026-04-18,7,5,,,,,0,
2026-04-18,8,5,,,,,0,
2026-04-18,9,5,,,,,0,
2026-04-18,10,5,,,,,0,
2026-04-18,11,5,,,,,0,
2026-04-18,12,5,,,,,0,
2026-04-18,13,5,,,,,0,
2026-04-18,14,5,,,,,0,
2026-04-18,15,5,,,,,0,
2026-04-18,16,5,,,,,0,
2026-04-18,17,5,,,,,0,
2026-04-18,18,5,,,,,0,
2026-04-18,19,5,76.67,81,73,2.87,0,5.67
2026-04-18,20,5,72.62,85,55,7.74,0,1.62
2026-04-18,21,5,75.4,83,71,3.16,0,4.4
2026-04-18,22,5,86.6,116,75,8.67,68,15.6
2026-04-18,23,5,88.1,116,76,8.55,27,17.1
2026-04-19,0,6,87.23,92,83,1.8,4,16.23
2026-04-19,1,6,87.33,99,77,3.65,17,16.33
2026-04-19,2,6,84.83,98,78,4.14,51,13.83
2026-04-19,3,6,82.65,86,77,1.9,0,11.65
2026-04-19,4,6,82.57,118,73,6.85,87,11.57
2026-04-19,5,6,80.11,95,70,5.6,79,9.11
2026-04-19,6,6,79.12,91,68,7.1,13,8.12
2026-04-19,7,6,70.59,90,65,4.66,8,-0.41
2026-04-19,8,6,70.03,85,63,4.81,0,-0.97
2026-04-19,9,6,63.1,76,57,4.18,0,-7.9
2026-04-19,10,6,68.52,77,59,5.06,0,-2.48
2026-04-19,11,6,83.29,127,63,19.17,1061,12.29
2026-04-19,12,6,96.07,136,71,10.8,469,25.07
2026-04-19,13,6,89.63,97,83,2.96,0,18.63
2026-04-19,14,6,82.3,91,75,3.89,0,11.3
2026-04-19,15,6,74.9,95,65,8.45,201,3.9
2026-04-19,16,6,73.32,81,65,3.88,0,2.32
2026-04-19,17,6,78.7,106,65,12.08,637,7.7
2026-04-19,18,6,92.05,108,82,6.94,86,21.05
2026-04-19,19,6,89.42,97,83,3.09,8,18.42
2026-04-19,20,6,89.28,98,83,3.39,7,18.28
2026-04-19,21,6,92.36,129,84,7.42,232,21.36
2026-04-19,22,6,95.68,117,78,10.18,150,24.68
2026-04-19,23,6,84.6,105,77,6.54,65,13.6
2026-04-20,0,0,80.93,88,75,2.61,0,9.93
2026-04-20,1,0,73.38,84,65,5.64,0,2.38
2026-04-20,2,0,79.96,119,66,13.23,620,8.96
2026-04-20,3,0,70.15,105,63,6.4,19,-0.85
2026-04-20,4,0,71.47,80,67,2.78,0,0.47
2026-04-20,5,0,67.27,78,63,3.09,0,-3.73
2026-04-20,6,0,65.27,75,61,3.48,0,-5.73
2026-04-20,7,0,67.58,112,60,10.65,122,-3.42
2026-04-20,8,0,97.68,118,88,6.7,1160,26.68
2026-04-20,9,0,92.87,126,80,11.82,442,21.87
2026-04-20,10,0,87.63,97,81,4.17,0,16.63
2026-04-20,11,0,80.57,89,76,2.95,0,9.57
2026-04-20,12,0,78.85,92,71,3.61,0,7.85
2026-04-20,13,0,89.12,119,68,13.85,519,18.12
2026-04-20,14,0,102.82,131,86,9.48,372,31.82
2026-04-20,15,0,85.63,100,74,4.64,91,14.63
2026-04-20,16,0,79.0,87,73,3.25,21,8.0
2026-04-20,17,0,78.97,99,69,6.84,95,7.97
2026-04-20,18,0,96.02,128,75,13.36,1135,25.02
2026-04-20,19,0,91.92,122,78,10.16,621,20.92
2026-04-20,20,0,87.45,101,70,6.06,25,16.45
2026-04-20,21,0,105.32,133,76,14.87,1548,34.32
2026-04-20,22,0,97.72,124,80,10.42,215,26.72
2026-04-20,23,0,84.88,92,77,3.29,4,13.88
2026-04-21,0,1,78.83,89,65,4.97,0,5.83
2026-04-21,1,1,82.5,104,65,7.45,124,9.5
2026-04-21,2,1,85.62,105,74,7.82,392,12.62
2026-04-21,3,1,72.37,80,68,2.85,0,-0.63
2026-04-21,4,1,74.85,86,70,4.19,0,1.85
2026-04-21,5,1,71.75,83,65,4.27,0,-1.25
2026-04-21,6,1,75.1,85,62,4.41,0,2.1
2026-04-21,7,1,68.82,77,65,2.2,0,-4.18
2026-04-21,8,1,71.42,87,64,6.81,0,-1.58
2026-04-21,9,1,91.87,114,68,10.91,549,18.87
2026-04-21,10,1,102.25,146,87,12.33,1145,29.25
2026-04-21,11,1,130.27,166,96,16.03,1913,57.27
2026-04-21,12,1,112.97,131,102,7.58,406,39.97
2026-04-21,13,1,110.54,137,70,18.21,1407,37.54
2026-04-21,14,1,98.67,105,95,4.5,78,25.67
2026-04-21,15,1,,,,,0,
2026-04-21,16,1,,,,,0,
2026-04-21,17,1,86.51,120,76,11.43,344,13.51
2026-04-21,18,1,102.84,133,76,15.54,949,29.84
2026-04-21,19,1,104.34,145,71,22.86,2316,31.34
2026-04-21,20,1,105.5,150,76,28.06,246,32.5
2026-04-21,21,1,75.0,76,74,1.0,0,2.0
2026-04-21,22,1,75.0,75,75,0.0,0,2.0
2026-04-21,23,1,,,,,0,
2026-04-22,0,2,,,,,0,
2026-04-22,1,2,,,,,0,
2026-04-22,2,2,,,,,0,
2026-04-22,3,2,,,,,0,
2026-04-22,4,2,,,,,0,
2026-04-22,5,2,,,,,0,
2026-04-22,6,2,,,,,0,
2026-04-22,7,2,,,,,0,
2026-04-22,8,2,,,,,0,
2026-04-22,9,2,,,,,0,
2026-04-22,10,2,,,,,0,
2026-04-22,11,2,,,,,0,
2026-04-22,12,2,,,,,0,
2026-04-22,13,2,,,,,0,
2026-04-22,14,2,,,,,0,
2026-04-22,15,2,,,,,0,
2026-04-22,16,2,,,,,0,
2026-04-22,17,2,,,,,0,
2026-04-22,18,2,,,,,0,
2026-04-22,19,2,78.82,83,74,1.92,0,78.82
2026-04-22,20,2,80.28,96,67,6.86,75,80.28
2026-04-22,21,2,101.65,136,70,16.81,2163,101.65
2026-04-22,22,2,102.47,132,90,9.07,225,102.47
2026-04-22,23,2,93.58,102,83,4.21,26,93.58
2026-04-23,0,3,86.92,96,78,3.88,20,14.92
2026-04-23,1,3,77.02,90,60,6.02,60,5.02
2026-04-23,2,3,74.22,85,67,3.55,36,2.22
2026-04-23,3,3,65.67,79,61,3.4,0,-6.33
2026-04-23,4,3,67.98,84,61,5.41,0,-4.02
2026-04-23,5,3,69.24,79,60,4.27,18,-2.76
2026-04-23,6,3,64.57,82,58,4.28,0,-7.43
2026-04-23,7,3,70.23,85,64,4.56,0,-1.77
2026-04-23,8,3,65.82,81,62,3.25,0,-6.18
2026-04-23,9,3,72.4,81,64,3.93,0,0.4
2026-04-23,10,3,66.43,88,64,3.81,0,-5.57
2026-04-23,11,3,80.32,104,66,10.88,202,8.32
2026-04-23,12,3,103.78,122,89,9.32,891,31.78
2026-04-23,13,3,101.12,116,90,4.8,445,29.12
2026-04-23,14,3,114.83,148,94,10.93,1112,42.83
2026-04-23,15,3,91.92,114,83,6.09,21,19.92
2026-04-23,16,3,85.5,95,79,3.6,0,13.5
2026-04-23,17,3,77.83,88,73,2.33,0,5.83
2026-04-23,18,3,87.97,106,74,7.3,109,15.97
2026-04-23,19,3,86.58,96,79,4.29,43,14.58
2026-04-23,20,3,88.53,108,80,7.23,350,16.53
2026-04-23,21,3,101.92,122,89,7.82,992,29.92
2026-04-23,22,3,90.0,100,83,3.92,43,18.0
2026-04-23,23,3,84.12,94,76,4.46,0,12.12
2026-04-24,0,4,83.12,93,71,4.79,20,12.12
2026-04-24,1,4,82.62,88,73,2.83,72,11.62
2026-04-24,2,4,81.35,93,74,4.57,60,10.35
2026-04-24,3,4,82.25,89,75,2.77,4,11.25
2026-04-24,4,4,82.18,96,72,4.87,0,11.18
2026-04-24,5,4,77.28,113,65,9.08,45,6.28
2026-04-24,6,4,61.73,65,58,1.54,0,-9.27
2026-04-24,7,4,66.78,83,57,6.53,6,-4.22
2026-04-24,8,4,68.13,84,61,5.62,0,-2.87
2026-04-24,9,4,91.0,127,70,17.11,1017,20.0
2026-04-24,10,4,95.98,109,90,3.75,112,24.98
2026-04-24,11,4,97.27,124,86,8.21,717,26.27
2026-04-24,12,4,102.1,111,96,4.2,79,31.1
2026-04-24,13,4,98.82,121,87,9.74,409,27.82
2026-04-24,14,4,89.15,97,83,3.37,44,18.15
2026-04-24,15,4,84.36,99,76,4.4,57,13.36
2026-04-24,16,4,82.82,95,72,5.03,0,11.82
2026-04-24,17,4,76.92,112,66,8.95,76,5.92
2026-04-24,18,4,78.38,96,67,6.44,6,7.38
2026-04-24,19,4,98.38,122,81,11.44,81,27.38
2026-04-24,20,4,93.93,117,88,7.06,122,22.93
2026-04-24,21,4,105.18,130,88,11.0,1307,34.18
2026-04-24,22,4,87.22,95,75,6.07,0,16.22
2026-04-24,23,4,79.43,102,72,5.09,145,8.43
2026-04-25,0,5,83.32,115,60,13.4,322,13.32
2026-04-25,1,5,71.72,87,58,6.59,30,1.72
2026-04-25,2,5,65.29,93,56,7.47,8,-4.71
2026-04-25,3,5,61.0,67,57,2.02,0,-9.0
2026-04-25,4,5,55.95,82,50,5.87,0,-14.05
2026-04-25,5,5,56.23,67,49,3.49,0,-13.77
2026-04-25,6,5,56.02,69,52,2.22,0,-13.98
2026-04-25,7,5,56.05,76,51,4.33,0,-13.95
2026-04-25,8,5,64.55,111,50,15.75,139,-5.45
2026-04-25,9,5,85.48,140,66,13.44,607,15.48
2026-04-25,10,5,78.63,86,72,3.69,29,8.63
2026-04-25,11,5,72.08,82,63,3.59,0,2.08
2026-04-25,12,5,70.85,84,56,5.95,6,0.85
2026-04-25,13,5,75.73,111,60,13.57,355,5.73
2026-04-25,14,5,82.65,110,74,7.64,298,12.65
2026-04-25,15,5,77.77,85,69,3.04,57,7.77
2026-04-25,16,5,81.0,105,70,10.24,265,11.0
2026-04-25,17,5,71.92,101,62,7.28,119,1.92
2026-04-25,18,5,80.05,126,67,12.38,409,10.05
2026-04-25,19,5,76.02,89,68,4.14,17,6.02
2026-04-25,20,5,80.9,91,73,4.0,34,10.9
2026-04-25,21,5,88.28,119,70,10.77,722,18.28
2026-04-25,22,5,73.35,83,62,4.43,99,3.35
2026-04-25,23,5,68.8,76,60,4.37,0,-1.2
2026-04-26,0,6,69.35,86,61,5.4,23,1.35
2026-04-26,1,6,60.88,73,55,3.86,0,-7.12
2026-04-26,2,6,61.42,76,54,6.16,0,-6.58
2026-04-26,3,6,77.89,126,54,19.33,0,9.89
2026-04-26,4,6,58.85,93,54,7.54,19,-9.15
2026-04-26,5,6,55.97,72,52,3.91,0,-12.03
2026-04-26,6,6,55.83,66,51,2.62,0,-12.17
2026-04-26,7,6,55.78,69,50,3.74,15,-12.22
2026-04-26,8,6,69.1,96,55,10.77,158,1.1
2026-04-26,9,6,75.33,121,62,9.23,115,7.33
2026-04-26,10,6,72.78,94,55,7.94,175,4.78
2026-04-26,11,6,75.48,94,65,4.71,111,7.48
2026-04-26,12,6,87.27,120,66,14.93,696,19.27
2026-04-26,13,6,99.52,149,66,20.5,460,31.52
2026-04-26,14,6,75.7,83,72,3.38,0,7.7
2026-04-26,15,6,127.12,151,84,17.89,297,59.12
2026-04-26,16,6,113.38,160,91,21.05,397,45.38
2026-04-26,17,6,100.85,124,87,11.54,332,32.85
2026-04-26,18,6,112.52,129,93,7.98,433,44.52
2026-04-26,19,6,97.72,110,87,5.27,65,29.72
2026-04-26,20,6,110.62,135,91,10.56,1127,42.62
2026-04-26,21,6,115.8,140,88,13.2,2192,47.8
2026-04-26,22,6,91.73,108,86,2.98,134,23.73
2026-04-26,23,6,84.47,116,73,8.48,78,16.47
2026-04-27,0,0,69.68,81,64,3.45,0,1.68
2026-04-27,1,0,65.63,78,61,2.83,0,-2.37
2026-04-27,2,0,62.87,70,59,2.76,0,-5.13
2026-04-27,3,0,61.77,76,56,2.99,0,-6.23
2026-04-27,4,0,59.72,68,55,2.24,0,-8.28
2026-04-27,5,0,60.05,78,53,4.36,0,-7.95
2026-04-27,6,0,60.77,76,55,3.72,0,-7.23
2026-04-27,7,0,62.54,77,52,5.54,4,-5.46
2026-04-27,8,0,60.53,72,55,3.46,0,-7.47
2026-04-27,9,0,74.37,122,56,18.9,182,6.37
2026-04-27,10,0,95.93,122,79,13.19,833,27.93
2026-04-27,11,0,83.32,111,74,6.29,62,15.32
2026-04-27,12,0,95.18,140,70,16.72,1067,27.18
2026-04-27,13,0,111.58,143,85,12.77,1073,43.58
2026-04-27,14,0,111.43,133,93,13.24,422,43.43
2026-04-27,15,0,92.13,135,81,8.09,70,24.13
2026-04-27,16,0,106.73,150,75,20.2,1936,38.73
2026-04-27,17,0,87.22,113,72,9.69,270,19.22
2026-04-27,18,0,104.22,128,76,13.19,1675,36.22
2026-04-27,19,0,92.28,138,77,14.79,841,24.28
2026-04-27,20,0,80.68,94,73,4.2,125,12.68
2026-04-27,21,0,94.87,122,76,12.3,1648,26.87
2026-04-27,22,0,85.02,123,63,14.6,318,17.02
2026-04-27,23,0,90.95,113,75,10.67,490,22.95
2026-04-28,0,1,74.82,80,69,2.59,0,8.82
2026-04-28,1,1,63.02,76,55,7.49,0,-2.98
2026-04-28,2,1,57.52,66,52,2.19,0,-8.48
2026-04-28,3,1,57.83,78,54,4.37,4,-8.17
2026-04-28,4,1,58.7,71,53,3.65,0,-7.3
2026-04-28,5,1,58.65,67,56,1.69,0,-7.35
2026-04-28,6,1,59.7,76,56,3.69,5,-6.3
2026-04-28,7,1,71.58,108,55,15.79,365,5.58
2026-04-28,8,1,95.55,141,79,12.3,743,29.55
2026-04-28,9,1,93.07,107,84,4.99,770,27.07
2026-04-28,10,1,,,,,0,
2026-04-28,11,1,,,,,0,
2026-04-28,12,1,,,,,0,
2026-04-28,13,1,,,,,0,
2026-04-28,14,1,,,,,0,
2026-04-28,15,1,,,,,0,
2026-04-28,16,1,,,,,0,
2026-04-28,17,1,,,,,0,
2026-04-28,18,1,73.25,75,72,1.09,0,7.25
2026-04-28,19,1,,,,,0,
2026-04-28,20,1,,,,,0,
2026-04-28,21,1,,,,,0,
2026-04-28,22,1,,,,,0,
2026-04-28,23,1,,,,,0,
2026-04-29,0,2,,,,,0,
2026-04-29,1,2,,,,,0,
2026-04-29,2,2,,,,,0,
2026-04-29,3,2,,,,,0,
2026-04-29,4,2,,,,,0,
2026-04-29,5,2,,,,,0,
2026-04-29,6,2,,,,,0,
2026-04-29,7,2,,,,,0,
2026-04-29,8,2,,,,,0,
2026-04-29,9,2,,,,,0,
2026-04-29,10,2,,,,,0,
2026-04-29,11,2,,,,,0,
2026-04-29,12,2,,,,,0,
2026-04-29,13,2,,,,,0,
2026-04-29,14,2,,,,,0,
2026-04-29,15,2,,,,,0,
2026-04-29,16,2,,,,,0,
2026-04-29,17,2,,,,,0,
2026-04-29,18,2,,,,,0,
2026-04-29,19,2,,,,,0,
2026-04-29,20,2,,,,,0,
2026-04-29,21,2,,,,,0,
2026-04-29,22,2,,,,,0,
2026-04-29,23,2,,,,,0,
2026-04-30,0,3,79.0,80,78,0.82,0,11.0
2026-04-30,1,3,79.5,109,73,6.37,215,11.5
2026-04-30,2,3,72.83,92,62,5.83,0,4.83
2026-04-30,3,3,75.7,95,65,7.66,158,7.7
2026-04-30,4,3,67.42,76,57,3.74,0,-0.58
2026-04-30,5,3,65.28,81,59,4.4,0,-2.72
2026-04-30,6,3,68.57,79,62,4.41,0,0.57
2026-04-30,7,3,68.83,85,59,5.48,7,0.83
2026-04-30,8,3,77.46,104,59,12.37,364,9.46
2026-04-30,9,3,94.88,123,84,9.25,1150,26.88
2026-04-30,10,3,89.33,101,80,3.81,9,21.33
2026-04-30,11,3,97.17,112,82,6.93,1688,29.17
2026-04-30,12,3,93.2,114,79,9.31,412,25.2
2026-04-30,13,3,81.42,93,77,3.16,0,13.42
2026-04-30,14,3,83.48,96,75,4.58,63,15.48
2026-04-30,15,3,79.08,91,66,6.06,6,11.08
2026-04-30,16,3,78.08,98,69,6.62,101,10.08
2026-04-30,17,3,78.31,85,72,2.86,0,10.31
2026-04-30,18,3,77.87,91,69,3.87,11,9.87
2026-04-30,19,3,71.65,87,64,4.85,0,3.65
2026-04-30,20,3,82.98,118,68,11.77,681,14.98
2026-04-30,21,3,85.71,113,67,9.93,209,17.71
2026-04-30,22,3,91.27,121,80,7.22,390,23.27
2026-04-30,23,3,80.97,123,72,9.15,149,12.97
2026-05-01,0,4,78.28,87,70,3.2,10,10.28
2026-05-01,1,4,77.88,97,69,6.45,117,9.88
2026-05-01,2,4,70.38,87,60,5.68,4,2.38
2026-05-01,3,4,65.71,74,61,3.81,0,-2.29
2026-05-01,4,4,,,,,0,
2026-05-01,5,4,,,,,0,
2026-05-01,6,4,,,,,0,
2026-05-01,7,4,,,,,0,
2026-05-01,8,4,,,,,0,
2026-05-01,9,4,,,,,0,
2026-05-01,10,4,,,,,0,
2026-05-01,11,4,,,,,0,
2026-05-01,12,4,,,,,0,
2026-05-01,13,4,,,,,0,
2026-05-01,14,4,,,,,0,
2026-05-01,15,4,,,,,0,
2026-05-01,16,4,,,,,0,
2026-05-01,17,4,,,,,0,
2026-05-01,18,4,,,,,0,
2026-05-01,19,4,,,,,0,
2026-05-01,20,4,,,,,0,
2026-05-01,21,4,,,,,0,
2026-05-01,22,4,,,,,0,
2026-05-01,23,4,,,,,0,
2026-05-08,0,4,,,,,0,
2026-05-08,1,4,,,,,0,
2026-05-08,2,4,,,,,0,
2026-05-08,3,4,,,,,0,
2026-05-08,4,4,,,,,0,
2026-05-08,5,4,,,,,0,
2026-05-08,6,4,,,,,0,
2026-05-08,7,4,,,,,0,
2026-05-08,8,4,,,,,0,
2026-05-08,9,4,,,,,0,
2026-05-08,10,4,,,,,0,
2026-05-08,11,4,,,,,0,
2026-05-08,12,4,,,,,0,
2026-05-08,13,4,,,,,0,
2026-05-08,14,4,,,,,0,
2026-05-08,15,4,,,,,0,
2026-05-08,16,4,,,,,0,
2026-05-08,17,4,,,,,0,
2026-05-08,18,4,,,,,0,
2026-05-08,19,4,,,,,0,
2026-05-08,20,4,,,,,0,
2026-05-08,21,4,,,,,0,
2026-05-08,22,4,,,,,0,
2026-05-08,23,4,,,,,0,
2026-05-15,0,4,,,,,0,
2026-05-15,1,4,,,,,0,
2026-05-15,2,4,,,,,0,
2026-05-15,3,4,,,,,0,
2026-05-15,4,4,,,,,0,
2026-05-15,5,4,,,,,0,
2026-05-15,6,4,,,,,0,
2026-05-15,7,4,,,,,0,
2026-05-15,8,4,,,,,0,
2026-05-15,9,4,,,,,0,
2026-05-15,10,4,,,,,0,
2026-05-15,11,4,,,,,0,
2026-05-15,12,4,,,,,0,
2026-05-15,13,4,,,,,0,
2026-05-15,14,4,,,,,0,
2026-05-15,15,4,,,,,0,
2026-05-15,16,4,,,,,0,
2026-05-15,17,4,,,,,0,
2026-05-15,18,4,,,,,0,
2026-05-15,19,4,,,,,0,
2026-05-15,20,4,,,,,0,
2026-05-15,21,4,,,,,0,
2026-05-15,22,4,,,,,0,
2026-05-15,23,4,,,,,0,
